{"cameraMode":{"drawMode":0,"name":"Shaded","section":"Shading Mode"},"sceneLighting":false,"audioPlay":false,"sceneViewState":{"showFog":true,"showMaterialUpdate":false,"showSkybox":false,"showFlares":true,"showImageEffects":true,"showParticleSystems":true},"in2DMode":false,"pivot":{"x":145.4864959716797,"y":-9.17832088470459,"z":151.18328857421876},"rotation":{"x":0.21049384772777558,"y":0.21557830274105073,"z":-0.04754645377397537,"w":0.9523742198944092},"size":23.728374481201173,"orthographic":false}