{"cameraMode":{"drawMode":0,"name":"Shaded","section":"Shading Mode"},"sceneLighting":false,"audioPlay":false,"sceneViewState":{"showFog":true,"showMaterialUpdate":false,"showSkybox":false,"showFlares":true,"showImageEffects":true,"showParticleSystems":true},"in2DMode":false,"pivot":{"x":139.85260009765626,"y":35.40283966064453,"z":138.8299560546875},"rotation":{"x":0.1862674504518509,"y":0.03889996185898781,"z":-0.007289469242095947,"w":0.9817314147949219},"size":72.73686218261719,"orthographic":false}