{"cameraMode":{"drawMode":0,"name":"Shaded","section":"Shading Mode"},"sceneLighting":true,"audioPlay":false,"sceneViewState":{"showFog":true,"showMaterialUpdate":false,"showSkybox":true,"showFlares":true,"showImageEffects":true,"showParticleSystems":true},"in2DMode":false,"pivot":{"x":171.8000030517578,"y":21.00788688659668,"z":134.60000610351563},"rotation":{"x":0.05002054199576378,"y":0.9066565632820129,"z":-0.11236923187971115,"w":0.4035849869251251},"size":22.0,"orthographic":false}