{"cameraMode":{"drawMode":0,"name":"Shaded","section":"Shading Mode"},"sceneLighting":true,"audioPlay":false,"sceneViewState":{"showFog":true,"showMaterialUpdate":false,"showSkybox":true,"showFlares":true,"showImageEffects":true,"showParticleSystems":true},"in2DMode":false,"pivot":{"x":-385.1338806152344,"y":550.6728515625,"z":1791.142333984375},"rotation":{"x":-0.05401148274540901,"y":0.7083842158317566,"z":-0.054509323090314868,"w":-0.7016799449920654},"size":1806.17724609375,"orthographic":false}