{"cameraMode":{"drawMode":0,"name":"Shaded","section":"Shading Mode"},"sceneLighting":false,"audioPlay":false,"sceneViewState":{"showFog":true,"showMaterialUpdate":false,"showSkybox":false,"showFlares":true,"showImageEffects":true,"showParticleSystems":true},"in2DMode":false,"pivot":{"x":2.1974868774414064,"y":10.829817771911621,"z":0.45598602294921877},"rotation":{"x":-0.012318208813667298,"y":0.9649543166160584,"z":-0.2580522894859314,"w":-0.0460624024271965},"size":307.9426574707031,"orthographic":false}