{"cameraMode":{"drawMode":0,"name":"Shaded","section":"Shading Mode"},"sceneLighting":true,"audioPlay":false,"sceneViewState":{"showFog":true,"showMaterialUpdate":false,"showSkybox":true,"showFlares":true,"showImageEffects":true,"showParticleSystems":true},"in2DMode":false,"pivot":{"x":621.8878173828125,"y":272.9164123535156,"z":-1951.7685546875},"rotation":{"x":0.018364209681749345,"y":0.8734351992607117,"z":-0.03304004669189453,"w":0.48547324538230898},"size":3457.67822265625,"orthographic":false}