{"cameraMode":{"drawMode":0,"name":"Shaded","section":"Shading Mode"},"sceneLighting":true,"audioPlay":false,"sceneViewState":{"showFog":true,"showMaterialUpdate":false,"showSkybox":true,"showFlares":true,"showImageEffects":true,"showParticleSystems":true},"in2DMode":false,"pivot":{"x":-1.8252296447753907,"y":12.669089317321778,"z":-31.343332290649415},"rotation":{"x":-0.22479130327701569,"y":-0.25693902373313906,"z":0.06155376881361008,"w":-0.9379920363426209},"size":22.0,"orthographic":false}