{"cameraMode":{"drawMode":0,"name":"Shaded","section":"Shading Mode"},"sceneLighting":true,"audioPlay":false,"sceneViewState":{"showFog":true,"showMaterialUpdate":false,"showSkybox":true,"showFlares":true,"showImageEffects":true,"showParticleSystems":true},"in2DMode":false,"pivot":{"x":-411.9281921386719,"y":400.3323974609375,"z":1796.53759765625},"rotation":{"x":-0.0801757350564003,"y":-0.8963742852210999,"z":0.39676862955093386,"w":-0.18118540942668916},"size":2.8578836917877199,"orthographic":false}