{"cameraMode":{"drawMode":0,"name":"Shaded","section":"Shading Mode"},"sceneLighting":false,"audioPlay":false,"sceneViewState":{"showFog":true,"showMaterialUpdate":false,"showSkybox":false,"showFlares":true,"showImageEffects":true,"showParticleSystems":true},"in2DMode":false,"pivot":{"x":-713.7655029296875,"y":8.662341117858887,"z":672.2498779296875},"rotation":{"x":-0.046371396631002429,"y":0.713148832321167,"z":-0.047336164861917499,"w":-0.6979525685310364},"size":22.0,"orthographic":false}