{"cameraMode":{"drawMode":0,"name":"Shaded","section":"Shading Mode"},"sceneLighting":true,"audioPlay":false,"sceneViewState":{"showFog":true,"showMaterialUpdate":false,"showSkybox":true,"showFlares":true,"showImageEffects":true,"showParticleSystems":true},"in2DMode":false,"pivot":{"x":153.16648864746095,"y":24.024112701416017,"z":4.351341247558594},"rotation":{"x":-0.00019026239169761539,"y":0.999875545501709,"z":-0.010808313265442849,"w":-0.015630172565579416},"size":65021.12890625,"orthographic":false}