{"cameraMode":{"drawMode":0,"name":"Shaded","section":"Shading Mode"},"sceneLighting":false,"audioPlay":false,"sceneViewState":{"showFog":true,"showMaterialUpdate":false,"showSkybox":false,"showFlares":true,"showImageEffects":true,"showParticleSystems":true},"in2DMode":false,"pivot":{"x":118.7106704711914,"y":107.27227783203125,"z":233.7574462890625},"rotation":{"x":-0.08008831739425659,"y":0.5508875846862793,"z":-0.053233206272125247,"w":-0.8290776014328003},"size":1213.376708984375,"orthographic":false}