{"cameraMode":{"drawMode":0,"name":"Shaded","section":"Shading Mode"},"sceneLighting":false,"audioPlay":false,"sceneViewState":{"showFog":true,"showMaterialUpdate":false,"showSkybox":false,"showFlares":true,"showImageEffects":true,"showParticleSystems":true},"in2DMode":false,"pivot":{"x":0.9824756979942322,"y":4.167888164520264,"z":0.46244311332702639},"rotation":{"x":-0.07815353572368622,"y":0.8824687600135803,"z":-0.15813036262989045,"w":-0.436130166053772},"size":19.320598602294923,"orthographic":false}