{"cameraMode":{"drawMode":0,"name":"Shaded","section":"Shading Mode"},"sceneLighting":false,"audioPlay":false,"sceneViewState":{"showFog":true,"showMaterialUpdate":false,"showSkybox":false,"showFlares":true,"showImageEffects":true,"showParticleSystems":true},"in2DMode":false,"pivot":{"x":-44.56078338623047,"y":60.94108581542969,"z":2.75213623046875},"rotation":{"x":-0.17122513055801392,"y":-0.2664859890937805,"z":0.04814295098185539,"w":-0.9473170638084412},"size":231.5487823486328,"orthographic":false}