{"cameraMode":{"drawMode":0,"name":"Shaded","section":"Shading Mode"},"sceneLighting":true,"audioPlay":false,"sceneViewState":{"showFog":true,"showMaterialUpdate":false,"showSkybox":true,"showFlares":true,"showImageEffects":true,"showParticleSystems":true},"in2DMode":false,"pivot":{"x":209.86497497558595,"y":369.599609375,"z":61.71630859375},"rotation":{"x":0.05222032964229584,"y":-0.813640296459198,"z":0.5743890404701233,"w":0.07393766194581986},"size":3915.00439453125,"orthographic":false}