{"cameraMode":{"drawMode":0,"name":"Shaded","section":"Shading Mode"},"sceneLighting":true,"audioPlay":false,"sceneViewState":{"showFog":true,"showMaterialUpdate":false,"showSkybox":true,"showFlares":true,"showImageEffects":true,"showParticleSystems":true},"in2DMode":false,"pivot":{"x":-561.447998046875,"y":324.121337890625,"z":623.3643798828125},"rotation":{"x":-0.08740810304880142,"y":0.7659609317779541,"z":-0.10662003606557846,"w":-0.6279358267784119},"size":2855.51171875,"orthographic":false}