{"cameraMode":{"drawMode":0,"name":"Shaded","section":"Shading Mode"},"sceneLighting":false,"audioPlay":false,"sceneViewState":{"showFog":true,"showMaterialUpdate":false,"showSkybox":false,"showFlares":true,"showImageEffects":true,"showParticleSystems":true},"in2DMode":false,"pivot":{"x":0.2967262268066406,"y":-0.08726692199707031,"z":-0.6924247741699219},"rotation":{"x":0.10965906828641892,"y":-0.7249040007591248,"z":0.11869772523641586,"w":0.669638991355896},"size":239.68824768066407,"orthographic":false}