{"cameraMode":{"drawMode":0,"name":"Shaded","section":"Shading Mode"},"sceneLighting":true,"audioPlay":false,"sceneViewState":{"showFog":true,"showMaterialUpdate":false,"showSkybox":true,"showFlares":true,"showImageEffects":true,"showParticleSystems":true},"in2DMode":false,"pivot":{"x":-702.47900390625,"y":182.6873779296875,"z":1010.7418212890625},"rotation":{"x":-0.016948603093624116,"y":0.9830166697502136,"z":-0.11732269078493118,"w":-0.14080816507339478},"size":2135.947265625,"orthographic":false}