{"cameraMode":{"drawMode":0,"name":"Shaded","section":"Shading Mode"},"sceneLighting":true,"audioPlay":false,"sceneViewState":{"showFog":true,"showMaterialUpdate":false,"showSkybox":true,"showFlares":true,"showImageEffects":true,"showParticleSystems":true},"in2DMode":false,"pivot":{"x":-48.894962310791019,"y":280.917724609375,"z":-2235.0986328125},"rotation":{"x":-0.009289663285017014,"y":0.678283154964447,"z":-0.008525348268449307,"w":-0.7347851991653442},"size":1481.6107177734375,"orthographic":false}