{"cameraMode":{"drawMode":0,"name":"Shaded","section":"Shading Mode"},"sceneLighting":true,"audioPlay":false,"sceneViewState":{"showFog":true,"showMaterialUpdate":false,"showSkybox":true,"showFlares":true,"showImageEffects":true,"showParticleSystems":true},"in2DMode":false,"pivot":{"x":151.37322998046876,"y":-13.946635246276856,"z":213.8748321533203},"rotation":{"x":-0.4596163034439087,"y":-0.06889571249485016,"z":0.03588186576962471,"w":-0.8847790360450745},"size":175.13470458984376,"orthographic":false}