{"cameraMode":{"drawMode":0,"name":"Shaded","section":"Shading Mode"},"sceneLighting":true,"audioPlay":false,"sceneViewState":{"showFog":true,"showMaterialUpdate":false,"showSkybox":true,"showFlares":true,"showImageEffects":true,"showParticleSystems":true},"in2DMode":false,"pivot":{"x":-592.0910034179688,"y":397.5418701171875,"z":1585.1475830078125},"rotation":{"x":0.01357930526137352,"y":0.976811945438385,"z":-0.2039237916469574,"w":0.06508338451385498},"size":1276.60595703125,"orthographic":false}