{"cameraMode":{"drawMode":0,"name":"Shaded","section":"Shading Mode"},"sceneLighting":true,"audioPlay":false,"sceneViewState":{"showFog":true,"showMaterialUpdate":false,"showSkybox":true,"showFlares":true,"showImageEffects":true,"showParticleSystems":true},"in2DMode":false,"pivot":{"x":203.67779541015626,"y":-58.131736755371097,"z":287.2454833984375},"rotation":{"x":0.3291985094547272,"y":-0.3204553723335266,"z":0.1198352500796318,"w":0.8801466822624207},"size":505.7836608886719,"orthographic":false}