{"cameraMode":{"drawMode":0,"name":"Shaded","section":"Shading Mode"},"sceneLighting":false,"audioPlay":false,"sceneViewState":{"showFog":true,"showMaterialUpdate":false,"showSkybox":false,"showFlares":true,"showImageEffects":true,"showParticleSystems":true},"in2DMode":false,"pivot":{"x":-410.25225830078127,"y":405.9661560058594,"z":-1426.985107421875},"rotation":{"x":0.025537054985761644,"y":-0.9613951444625855,"z":0.2571007013320923,"w":0.09555775672197342},"size":10777.6025390625,"orthographic":false}