{"cameraMode":{"drawMode":0,"name":"Shaded","section":"Shading Mode"},"sceneLighting":false,"audioPlay":false,"sceneViewState":{"showFog":true,"showMaterialUpdate":false,"showSkybox":false,"showFlares":true,"showImageEffects":true,"showParticleSystems":true},"in2DMode":false,"pivot":{"x":2.1974868774414064,"y":10.829817771911621,"z":0.45598602294921877},"rotation":{"x":0.01357930526137352,"y":0.976811945438385,"z":-0.2039237916469574,"w":0.06508338451385498},"size":1103.677490234375,"orthographic":false}