{"cameraMode":{"drawMode":0,"name":"Shaded","section":"Shading Mode"},"sceneLighting":false,"audioPlay":false,"sceneViewState":{"showFog":true,"showMaterialUpdate":false,"showSkybox":false,"showFlares":true,"showImageEffects":true,"showParticleSystems":true},"in2DMode":false,"pivot":{"x":0.20617198944091798,"y":0.6259121894836426,"z":-0.7276177406311035},"rotation":{"x":0.10445026308298111,"y":0.8498731255531311,"z":-0.18380026519298554,"w":0.4827677309513092},"size":22.0,"orthographic":false}