{"cameraMode":{"drawMode":0,"name":"Shaded","section":"Shading Mode"},"sceneLighting":true,"audioPlay":false,"sceneViewState":{"showFog":true,"showMaterialUpdate":false,"showSkybox":true,"showFlares":true,"showImageEffects":true,"showParticleSystems":true},"in2DMode":false,"pivot":{"x":167.35537719726563,"y":0.32871246337890627,"z":119.98486328125},"rotation":{"x":0.3064987063407898,"y":-0.09743256866931915,"z":0.031606368720531467,"w":0.9463857412338257},"size":117.02656555175781,"orthographic":false}