{"cameraMode":{"drawMode":2,"name":"Shaded Wireframe","section":"Shading Mode"},"sceneLighting":true,"audioPlay":false,"sceneViewState":{"showFog":true,"showMaterialUpdate":false,"showSkybox":true,"showFlares":true,"showImageEffects":true,"showParticleSystems":true},"in2DMode":false,"pivot":{"x":299.1177978515625,"y":243.86289978027345,"z":1047.5086669921875},"rotation":{"x":0.00681078527122736,"y":0.992779016494751,"z":-0.10071317851543427,"w":0.06587941199541092},"size":2046.655029296875,"orthographic":false}