{"cameraMode":{"drawMode":0,"name":"Shaded","section":"Shading Mode"},"sceneLighting":true,"audioPlay":false,"sceneViewState":{"showFog":true,"showMaterialUpdate":false,"showSkybox":true,"showFlares":true,"showImageEffects":true,"showParticleSystems":true},"in2DMode":false,"pivot":{"x":-108.30354309082031,"y":351.234130859375,"z":-3295.201904296875},"rotation":{"x":-0.07330261915922165,"y":-0.9248481392860413,"z":0.2954861521720886,"w":-0.22859516739845277},"size":1351.7762451171875,"orthographic":false}