{"cameraMode":{"drawMode":0,"name":"Shaded","section":"Shading Mode"},"sceneLighting":true,"audioPlay":false,"sceneViewState":{"showFog":true,"showMaterialUpdate":false,"showSkybox":true,"showFlares":true,"showImageEffects":true,"showParticleSystems":true},"in2DMode":false,"pivot":{"x":256.0460510253906,"y":16.66433334350586,"z":170.69065856933595},"rotation":{"x":0.1259562075138092,"y":0.13645757734775544,"z":-0.01749458909034729,"w":0.9824613928794861},"size":22.061582565307618,"orthographic":false}