{"cameraMode":{"drawMode":0,"name":"Shaded","section":"Shading Mode"},"sceneLighting":false,"audioPlay":false,"sceneViewState":{"showFog":true,"showMaterialUpdate":false,"showSkybox":false,"showFlares":true,"showImageEffects":true,"showParticleSystems":true},"in2DMode":false,"pivot":{"x":83.20011901855469,"y":11.524601936340332,"z":75.76667785644531},"rotation":{"x":0.07413812726736069,"y":-0.7106831669807434,"z":0.07577759772539139,"w":0.6955293416976929},"size":236.4678497314453,"orthographic":false}