{"cameraMode":{"drawMode":0,"name":"Shaded","section":"Shading Mode"},"sceneLighting":true,"audioPlay":false,"sceneViewState":{"showFog":true,"showMaterialUpdate":false,"showSkybox":true,"showFlares":true,"showImageEffects":true,"showParticleSystems":true},"in2DMode":false,"pivot":{"x":-165.3409881591797,"y":159.76165771484376,"z":-2215.56201171875},"rotation":{"x":0.0036049445625394584,"y":-0.9899017214775086,"z":0.14021818339824677,"w":0.026748131960630418},"size":656.856689453125,"orthographic":false}