{"cameraMode":{"drawMode":2,"name":"Shaded Wireframe","section":"Shading Mode"},"sceneLighting":true,"audioPlay":false,"sceneViewState":{"showFog":true,"showMaterialUpdate":false,"showSkybox":true,"showFlares":true,"showImageEffects":true,"showParticleSystems":true},"in2DMode":false,"pivot":{"x":35.49099349975586,"y":141.5257568359375,"z":1573.86279296875},"rotation":{"x":-0.011880549602210522,"y":-0.9802106618881226,"z":0.06092573329806328,"w":-0.18838249146938325},"size":133.03057861328126,"orthographic":false}