{"cameraMode":{"drawMode":2,"name":"Shaded Wireframe","section":"Shading Mode"},"sceneLighting":false,"audioPlay":false,"sceneViewState":{"showFog":true,"showMaterialUpdate":false,"showSkybox":false,"showFlares":true,"showImageEffects":true,"showParticleSystems":true},"in2DMode":false,"pivot":{"x":481.44354248046877,"y":201.3301544189453,"z":420.93408203125},"rotation":{"x":-0.0005609630607068539,"y":-0.9993898272514343,"z":0.011095842346549034,"w":-0.03537285700440407},"size":1494.4310302734375,"orthographic":false}