{"cameraMode":{"drawMode":0,"name":"Shaded","section":"Shading Mode"},"sceneLighting":true,"audioPlay":false,"sceneViewState":{"showFog":true,"showMaterialUpdate":false,"showSkybox":true,"showFlares":true,"showImageEffects":true,"showParticleSystems":true},"in2DMode":false,"pivot":{"x":205.8251953125,"y":27.619304656982423,"z":150.207763671875},"rotation":{"x":-0.0005697142332792282,"y":-0.2646997570991516,"z":-0.00015655526658520103,"w":0.9643433690071106},"size":22.061582565307618,"orthographic":false}