{"cameraMode":{"drawMode":2,"name":"Shaded Wireframe","section":"Shading Mode"},"sceneLighting":true,"audioPlay":false,"sceneViewState":{"showFog":true,"showMaterialUpdate":false,"showSkybox":true,"showFlares":true,"showImageEffects":true,"showParticleSystems":true},"in2DMode":false,"pivot":{"x":539.8646240234375,"y":83.52549743652344,"z":1353.6541748046875},"rotation":{"x":-0.020015152171254159,"y":-0.9669351577758789,"z":0.24185259640216828,"w":-0.07930950075387955},"size":2193.448974609375,"orthographic":false}