{"cameraMode":{"drawMode":0,"name":"Shaded","section":"Shading Mode"},"sceneLighting":false,"audioPlay":false,"sceneViewState":{"showFog":false,"showMaterialUpdate":false,"showSkybox":false,"showFlares":false,"showImageEffects":false,"showParticleSystems":false},"in2DMode":false,"pivot":{"x":151.49667358398438,"y":11.250022888183594,"z":106.48446655273438},"rotation":{"x":0.10380624234676361,"y":0.8064545392990112,"z":-0.14874961972236634,"w":0.5628024935722351},"size":40.12126159667969,"orthographic":false}