{"cameraMode":{"drawMode":0,"name":"Shaded","section":"Shading Mode"},"sceneLighting":false,"audioPlay":false,"sceneViewState":{"showFog":true,"showMaterialUpdate":false,"showSkybox":false,"showFlares":true,"showImageEffects":true,"showParticleSystems":true},"in2DMode":false,"pivot":{"x":81.12105560302735,"y":115.9339828491211,"z":236.87152099609376},"rotation":{"x":-0.2816113233566284,"y":0.12506279349327088,"z":-0.03704487532377243,"w":-0.9506296515464783},"size":444.5200500488281,"orthographic":false}