{"cameraMode":{"drawMode":0,"name":"Shaded","section":"Shading Mode"},"sceneLighting":false,"audioPlay":false,"sceneViewState":{"showFog":true,"showMaterialUpdate":false,"showSkybox":true,"showFlares":true,"showImageEffects":true,"showParticleSystems":true},"in2DMode":false,"pivot":{"x":185.70761108398438,"y":2.7933425903320314,"z":282.807373046875},"rotation":{"x":0.06564667075872421,"y":-0.08952271193265915,"z":0.003585218684747815,"w":0.9943045973777771},"size":179.07412719726563,"orthographic":false}