{"cameraMode":{"drawMode":0,"name":"Shaded","section":"Shading Mode"},"sceneLighting":false,"audioPlay":false,"sceneViewState":{"showFog":true,"showMaterialUpdate":false,"showSkybox":true,"showFlares":true,"showImageEffects":true,"showParticleSystems":true},"in2DMode":false,"pivot":{"x":311.66302490234377,"y":-47.539276123046878,"z":194.8672332763672},"rotation":{"x":0.17782272398471833,"y":0.3327556848526001,"z":-0.06443633884191513,"w":0.9242092967033386},"size":208.48699951171876,"orthographic":false}