{"cameraMode":{"drawMode":0,"name":"Shaded","section":"Shading Mode"},"sceneLighting":false,"audioPlay":false,"sceneViewState":{"showFog":true,"showMaterialUpdate":false,"showSkybox":true,"showFlares":true,"showImageEffects":true,"showParticleSystems":true},"in2DMode":false,"pivot":{"x":160.6735382080078,"y":-2.493213415145874,"z":201.17868041992188},"rotation":{"x":-0.3612814247608185,"y":0.07354183495044708,"z":-0.02911117672920227,"w":-0.9293319582939148},"size":130.05735778808595,"orthographic":false}