{"cameraMode":{"drawMode":0,"name":"Shaded","section":"Shading Mode"},"sceneLighting":false,"audioPlay":false,"sceneViewState":{"showFog":true,"showMaterialUpdate":false,"showSkybox":false,"showFlares":true,"showImageEffects":true,"showParticleSystems":true},"in2DMode":false,"pivot":{"x":0.004603364039212465,"y":1.3472050428390504,"z":-1.7653825283050538},"rotation":{"x":-0.15636593103408814,"y":-0.41003450751304629,"z":0.07155457139015198,"w":-0.8957629203796387},"size":8.218153953552246,"orthographic":false}