{"cameraMode":{"drawMode":0,"name":"Shaded","section":"Shading Mode"},"sceneLighting":false,"audioPlay":false,"sceneViewState":{"showFog":true,"showMaterialUpdate":false,"showSkybox":false,"showFlares":true,"showImageEffects":true,"showParticleSystems":true},"in2DMode":false,"pivot":{"x":256.760009765625,"y":-1.4401999711990357,"z":122.65068817138672},"rotation":{"x":0.09158648550510407,"y":0.8628671765327454,"z":-0.16780374944210053,"w":0.46834149956703188},"size":65.24066925048828,"orthographic":false}