{"cameraMode":{"drawMode":0,"name":"Shaded","section":"Shading Mode"},"sceneLighting":true,"audioPlay":false,"sceneViewState":{"showFog":true,"showMaterialUpdate":false,"showSkybox":false,"showFlares":true,"showImageEffects":true,"showParticleSystems":true},"in2DMode":false,"pivot":{"x":212.04904174804688,"y":34.5988655090332,"z":120.87945556640625},"rotation":{"x":-0.0759723037481308,"y":0.9165648818016052,"z":-0.20978587865829469,"w":-0.33188703656196597},"size":111.68563079833985,"orthographic":false}