{"cameraMode":{"drawMode":0,"name":"Shaded","section":"Shading Mode"},"sceneLighting":true,"audioPlay":false,"sceneViewState":{"showFog":true,"showMaterialUpdate":false,"showSkybox":true,"showFlares":true,"showImageEffects":true,"showParticleSystems":true},"in2DMode":false,"pivot":{"x":16.296871185302736,"y":4.691524505615234,"z":-16.655384063720704},"rotation":{"x":-0.051347680389881137,"y":0.9438161849975586,"z":-0.17643965780735017,"w":-0.27467039227485659},"size":77.25054168701172,"orthographic":false}