{"cameraMode":{"drawMode":0,"name":"Shaded","section":"Shading Mode"},"sceneLighting":true,"audioPlay":false,"sceneViewState":{"showFog":true,"showMaterialUpdate":false,"showSkybox":true,"showFlares":true,"showImageEffects":true,"showParticleSystems":true},"in2DMode":false,"pivot":{"x":163.0,"y":13.600000381469727,"z":96.80000305175781},"rotation":{"x":0.3637697100639343,"y":-0.4084511995315552,"z":0.18182216584682465,"w":0.817195475101471},"size":28.76062774658203,"orthographic":false}