{"cameraMode":{"drawMode":0,"name":"Shaded","section":"Shading Mode"},"sceneLighting":true,"audioPlay":false,"sceneViewState":{"showFog":true,"showMaterialUpdate":false,"showSkybox":true,"showFlares":true,"showImageEffects":true,"showParticleSystems":true},"in2DMode":false,"pivot":{"x":248.30458068847657,"y":91.41651916503906,"z":156.78916931152345},"rotation":{"x":0.11839113384485245,"y":-0.7334025502204895,"z":0.1323210746049881,"w":0.656200110912323},"size":202.79702758789063,"orthographic":false}