{"cameraMode":{"drawMode":0,"name":"Shaded","section":"Shading Mode"},"sceneLighting":false,"audioPlay":false,"sceneViewState":{"showFog":true,"showMaterialUpdate":false,"showSkybox":false,"showFlares":true,"showImageEffects":true,"showParticleSystems":true},"in2DMode":false,"pivot":{"x":272.2626647949219,"y":65.44816589355469,"z":47.534725189208987},"rotation":{"x":0.29495954513549807,"y":-0.5480741858482361,"z":0.21478772163391114,"w":0.7526495456695557},"size":221.154541015625,"orthographic":false}