{"cameraMode":{"drawMode":0,"name":"Shaded","section":"Shading Mode"},"sceneLighting":false,"audioPlay":false,"sceneViewState":{"showFog":true,"showMaterialUpdate":false,"showSkybox":false,"showFlares":true,"showImageEffects":true,"showParticleSystems":true},"in2DMode":false,"pivot":{"x":143.6126708984375,"y":65.04966735839844,"z":140.39739990234376},"rotation":{"x":0.29495954513549807,"y":-0.5480741858482361,"z":0.21478772163391114,"w":0.7526495456695557},"size":868.2470703125,"orthographic":false}