{"cameraMode":{"drawMode":0,"name":"Shaded","section":"Shading Mode"},"sceneLighting":true,"audioPlay":false,"sceneViewState":{"showFog":true,"showMaterialUpdate":false,"showSkybox":true,"showFlares":true,"showImageEffects":true,"showParticleSystems":true},"in2DMode":false,"pivot":{"x":-6.2503662109375,"y":115.2974853515625,"z":-3227.0361328125},"rotation":{"x":0.09160611033439636,"y":0.11851393431425095,"z":0.011266669258475304,"w":-0.9889640808105469},"size":3984.821533203125,"orthographic":false}