{"cameraMode":{"drawMode":0,"name":"Shaded","section":"Shading Mode"},"sceneLighting":true,"audioPlay":false,"sceneViewState":{"showFog":true,"showMaterialUpdate":false,"showSkybox":true,"showFlares":true,"showImageEffects":true,"showParticleSystems":true},"in2DMode":false,"pivot":{"x":245.6863250732422,"y":67.17150115966797,"z":142.22708129882813},"rotation":{"x":0.008410483598709107,"y":0.6977654695510864,"z":0.008997155353426934,"w":-0.716590404510498},"size":198.19906616210938,"orthographic":false}