{"cameraMode":{"drawMode":0,"name":"Shaded","section":"Shading Mode"},"sceneLighting":true,"audioPlay":false,"sceneViewState":{"showFog":true,"showMaterialUpdate":false,"showSkybox":true,"showFlares":true,"showImageEffects":true,"showParticleSystems":true},"in2DMode":false,"pivot":{"x":103.25502014160156,"y":309.2939758300781,"z":419.966796875},"rotation":{"x":-0.02401907928287983,"y":-0.838035523891449,"z":-0.03696977719664574,"w":0.5439144968986511},"size":1436.01513671875,"orthographic":false}