{"cameraMode":{"drawMode":0,"name":"Shaded","section":"Shading Mode"},"sceneLighting":true,"audioPlay":false,"sceneViewState":{"showFog":true,"showMaterialUpdate":false,"showSkybox":true,"showFlares":true,"showImageEffects":true,"showParticleSystems":true},"in2DMode":false,"pivot":{"x":-1.6846160888671876,"y":69.0787124633789,"z":1062.474853515625},"rotation":{"x":0.010082597844302655,"y":0.9882611036300659,"z":-0.1327262669801712,"w":0.07545065879821778},"size":196.21054077148438,"orthographic":false}