{"cameraMode":{"drawMode":0,"name":"Shaded","section":"Shading Mode"},"sceneLighting":false,"audioPlay":false,"sceneViewState":{"showFog":true,"showMaterialUpdate":false,"showSkybox":false,"showFlares":true,"showImageEffects":true,"showParticleSystems":true},"in2DMode":false,"pivot":{"x":-0.7429313659667969,"y":3.3455748558044435,"z":0.2765941619873047},"rotation":{"x":-0.10390808433294296,"y":0.8918630480766296,"z":-0.35414448380470278,"w":-0.26157858967781069},"size":20.20545768737793,"orthographic":false}