{"cameraMode":{"drawMode":0,"name":"Shaded","section":"Shading Mode"},"sceneLighting":false,"audioPlay":false,"sceneViewState":{"showFog":true,"showMaterialUpdate":false,"showSkybox":false,"showFlares":true,"showImageEffects":true,"showParticleSystems":true},"in2DMode":false,"pivot":{"x":0.2967262268066406,"y":-0.08726692199707031,"z":-0.6924247741699219},"rotation":{"x":-0.003351608058437705,"y":-0.6514739990234375,"z":-0.003925584256649017,"w":0.7588998079299927},"size":239.68824768066407,"orthographic":false}