{"cameraMode":{"drawMode":0,"name":"Shaded","section":"Shading Mode"},"sceneLighting":false,"audioPlay":false,"sceneViewState":{"showFog":true,"showMaterialUpdate":false,"showSkybox":false,"showFlares":true,"showImageEffects":true,"showParticleSystems":true},"in2DMode":false,"pivot":{"x":139.16175842285157,"y":17.950000762939454,"z":140.39999389648438},"rotation":{"x":-0.08457493036985398,"y":0.7823857665061951,"z":-0.10850764065980911,"w":-0.6075549721717835},"size":15.753475189208985,"orthographic":false}