{"cameraMode":{"drawMode":0,"name":"Shaded","section":"Shading Mode"},"sceneLighting":false,"audioPlay":false,"sceneViewState":{"showFog":true,"showMaterialUpdate":false,"showSkybox":false,"showFlares":true,"showImageEffects":true,"showParticleSystems":true},"in2DMode":false,"pivot":{"x":-0.8338519334793091,"y":0.6130483150482178,"z":0.09969635307788849},"rotation":{"x":0.3108673691749573,"y":0.06401772052049637,"z":-0.021619314327836038,"w":0.9483518004417419},"size":4.027296543121338,"orthographic":false}