{"cameraMode":{"drawMode":0,"name":"Shaded","section":"Shading Mode"},"sceneLighting":true,"audioPlay":false,"sceneViewState":{"showFog":true,"showMaterialUpdate":false,"showSkybox":true,"showFlares":true,"showImageEffects":true,"showParticleSystems":true},"in2DMode":false,"pivot":{"x":-14.962446212768555,"y":61.92335510253906,"z":-104.88644409179688},"rotation":{"x":-0.045927081257104877,"y":0.9296503663063049,"z":-0.12430064380168915,"w":-0.34388336539268496},"size":247.63877868652345,"orthographic":false}