{"cameraMode":{"drawMode":0,"name":"Shaded","section":"Shading Mode"},"sceneLighting":true,"audioPlay":false,"sceneViewState":{"showFog":true,"showMaterialUpdate":false,"showSkybox":true,"showFlares":true,"showImageEffects":true,"showParticleSystems":true},"in2DMode":false,"pivot":{"x":-64.19999694824219,"y":32.400001525878909,"z":-55.70000076293945},"rotation":{"x":-0.24541810154914857,"y":0.2546144723892212,"z":-0.06683564931154251,"w":-0.933321475982666},"size":20.0239200592041,"orthographic":false}