{"cameraMode":{"drawMode":0,"name":"Shaded","section":"Shading Mode"},"sceneLighting":false,"audioPlay":false,"sceneViewState":{"showFog":true,"showMaterialUpdate":false,"showSkybox":false,"showFlares":true,"showImageEffects":true,"showParticleSystems":true},"in2DMode":false,"pivot":{"x":152.21530151367188,"y":20.44133758544922,"z":115.496826171875},"rotation":{"x":0.023400861769914628,"y":0.9267135858535767,"z":-0.05878515914082527,"w":0.3706125319004059},"size":302.7810974121094,"orthographic":false}