{"cameraMode":{"drawMode":0,"name":"Shaded","section":"Shading Mode"},"sceneLighting":false,"audioPlay":false,"sceneViewState":{"showFog":true,"showMaterialUpdate":false,"showSkybox":false,"showFlares":true,"showImageEffects":true,"showParticleSystems":true},"in2DMode":false,"pivot":{"x":2.095245361328125,"y":2.2993736267089845,"z":4.7210693359375},"rotation":{"x":0.028307322412729265,"y":0.9709302186965942,"z":-0.18489114940166474,"w":0.15120835602283479},"size":354.2656555175781,"orthographic":false}