{"cameraMode":{"drawMode":0,"name":"Shaded","section":"Shading Mode"},"sceneLighting":false,"audioPlay":false,"sceneViewState":{"showFog":true,"showMaterialUpdate":false,"showSkybox":false,"showFlares":true,"showImageEffects":true,"showParticleSystems":true},"in2DMode":false,"pivot":{"x":135.59231567382813,"y":17.77834701538086,"z":137.83543395996095},"rotation":{"x":0.22508762776851655,"y":0.2769823670387268,"z":-0.06684406101703644,"w":0.9318168759346008},"size":14.533169746398926,"orthographic":false}