{"cameraMode":{"drawMode":0,"name":"Shaded","section":"Shading Mode"},"sceneLighting":false,"audioPlay":false,"sceneViewState":{"showFog":true,"showMaterialUpdate":false,"showSkybox":false,"showFlares":true,"showImageEffects":true,"showParticleSystems":true},"in2DMode":false,"pivot":{"x":-32.67851257324219,"y":-17.453956604003908,"z":-260.84210205078127},"rotation":{"x":-0.0013217253144830466,"y":-0.9987429976463318,"z":0.037769727408885959,"w":-0.03388581424951553},"size":872.3394165039063,"orthographic":false}