{"cameraMode":{"drawMode":0,"name":"Shaded","section":"Shading Mode"},"sceneLighting":false,"audioPlay":false,"sceneViewState":{"showFog":true,"showMaterialUpdate":false,"showSkybox":false,"showFlares":true,"showImageEffects":true,"showParticleSystems":true},"in2DMode":false,"pivot":{"x":114.15404510498047,"y":18.997507095336915,"z":139.60708618164063},"rotation":{"x":0.1303042322397232,"y":0.2550773620605469,"z":-0.0349561832845211,"w":0.9575746655464172},"size":186.93038940429688,"orthographic":false}