{"cameraMode":{"drawMode":0,"name":"Shaded","section":"Shading Mode"},"sceneLighting":false,"audioPlay":false,"sceneViewState":{"showFog":true,"showMaterialUpdate":false,"showSkybox":false,"showFlares":true,"showImageEffects":true,"showParticleSystems":true},"in2DMode":false,"pivot":{"x":-0.7429313659667969,"y":3.3455748558044435,"z":0.2765941619873047},"rotation":{"x":-0.00007072217704262584,"y":0.9999990463256836,"z":-0.0059999823570251469,"w":-0.004807608667761087},"size":20.20545768737793,"orthographic":false}