{"cameraMode":{"drawMode":0,"name":"Shaded","section":"Shading Mode"},"sceneLighting":true,"audioPlay":false,"sceneViewState":{"showFog":true,"showMaterialUpdate":false,"showSkybox":true,"showFlares":true,"showImageEffects":true,"showParticleSystems":true},"in2DMode":false,"pivot":{"x":133.05288696289063,"y":68.62052917480469,"z":148.35568237304688},"rotation":{"x":-0.22991551458835603,"y":-0.5044392347335815,"z":0.14140649139881135,"w":-0.8201756477355957},"size":7.9435906410217289,"orthographic":false}