{"cameraMode":{"drawMode":0,"name":"Shaded","section":"Shading Mode"},"sceneLighting":false,"audioPlay":false,"sceneViewState":{"showFog":true,"showMaterialUpdate":false,"showSkybox":false,"showFlares":true,"showImageEffects":true,"showParticleSystems":true},"in2DMode":false,"pivot":{"x":-306.10882568359377,"y":406.10577392578127,"z":-2451.216552734375},"rotation":{"x":-0.22991551458835603,"y":-0.5044392347335815,"z":0.14140649139881135,"w":-0.8201756477355957},"size":702.9639282226563,"orthographic":false}